Vehicle ID,Speed (km/h),Timestamp (s)
0,24.23,0.1
0,41.49,0.2
0,22.95,0.3
0,38.45,0.4
0,30.19,0.5
0,38.71,0.6
0,34.27,0.7
0,36.28,0.8
0,36.28,0.9
0,48.67,1.0
0,41.49,1.1
0,63.64,1.2
0,44.55,1.3
0,67.5,1.4
0,38.18,1.5
0,79.61,1.6
0,52.48,1.7
0,64.9,1.8
0,57.28,1.9
0,89.1,2.0
0,50.31,2.1
0,86.44,2.2
0,67.5,2.3
0,102.02,2.4
0,54.93,2.5
0,111.41,2.6
0,74.89,2.7
0,95.35,2.8
0,52.67,2.9
0,102.71,3.0
0,25.46,3.1
0,0.0,3.2
0,0.0,3.3
0,0.0,3.4
0,0.0,3.5
0,282.61,3.6
0,0.0,3.7
0,118.12,3.8
0,0.0,3.9
0,0.0,4.0
0,0.0,4.1
0,0.0,4.2
0,0.0,4.3
0,0.0,4.4
0,0.0,4.5
0,0.0,4.6
0,0.0,4.7
0,0.0,4.8
0,0.0,4.9
0,0.0,5.0
0,0.0,5.1
0,0.0,5.2
0,0.0,5.3
0,0.0,5.4
0,0.0,5.5
0,0.0,5.6
0,0.0,5.7
0,0.0,5.8
0,0.0,7.5
0,0.0,7.6
0,0.0,7.7
0,0.0,7.8
0,0.0,7.9
0,0.0,8.0
0,0.0,8.1
0,0.0,8.2
0,0.0,8.3
0,0.0,8.4
0,0.0,8.5
0,0.0,8.6
0,0.0,8.7
0,0.0,8.8
1,52.67,2.6
1,41.49,2.7
1,72.7,2.8
1,46.98,2.9
1,72.7,3.0
1,48.47,3.1
1,79.88,3.4
1,71.15,3.5
1,102.62,3.6
1,68.69,3.7
1,85.97,3.8
1,47.84,3.9
1,82.61,4.0
1,66.44,4.1
1,77.42,4.2
1,64.9,4.3
1,0.0,4.4
1,0.0,4.5
1,0.0,4.6
1,0.0,4.7
1,0.0,4.8
1,0.0,4.9
1,0.0,5.0
1,0.0,5.1
1,0.0,5.2
1,0.0,5.3
1,0.0,5.4
1,0.0,5.5
1,28.46,5.6
1,87.06,7.8
1,24.23,7.9
1,46.33,8.0
1,20.12,8.1
1,44.32,8.2
1,30.19,8.3
1,44.32,8.4
1,25.46,8.5
1,52.48,8.6
1,41.49,8.7
1,63.64,8.8
1,44.55,8.9
1,57.63,9.0
1,48.67,9.1
1,70.0,9.2
1,44.55,9.3
1,70.29,9.4
1,47.84,9.5
1,73.25,9.6
1,57.63,9.7
1,73.25,9.8
1,70.29,9.9
1,87.37,10.0
1,54.19,10.1
1,92.33,10.2
1,63.96,10.3
1,93.64,10.4
1,77.42,10.5
1,107.34,10.6
1,60.37,10.7
1,106.96,10.8
1,28.46,10.9
1,73.81,11.0
1,26.24,11.1
1,60.54,11.2
1,54.19,11.3
1,0.0,11.4
1,0.0,11.5
1,0.0,11.6
1,0.0,11.7
1,0.0,11.8
1,0.0,11.9
1,0.0,12.0
1,0.0,12.1
1,0.0,12.2
1,0.0,12.3
1,0.0,12.4
1,0.0,12.5
1,0.0,12.6
1,0.0,12.7
1,0.0,12.8
1,0.0,12.9
1,0.0,13.0
1,0.0,13.1
1,0.0,13.2
1,0.0,13.3
1,0.0,13.4
1,0.0,13.5
1,0.0,13.6
1,0.0,13.7
1,0.0,13.8
1,0.0,13.9
1,0.0,14.0
1,0.0,14.1
1,0.0,14.2
1,0.0,14.3
1,0.0,14.4
1,0.0,14.5
1,0.0,14.6
1,0.0,14.7
1,0.0,14.8
1,0.0,14.9
1,0.0,15.0
1,0.0,15.1
1,0.0,15.2
1,0.0,15.3
1,0.0,15.4
1,0.0,15.5
1,0.0,15.6
1,0.0,15.7
1,0.0,15.8
1,38.18,15.9
1,0.0,16.0
1,0.0,16.1
1,0.0,16.2
1,0.0,16.3
1,0.0,16.4
1,0.0,16.5
1,0.0,16.6
1,0.0,16.7
1,0.0,16.8
1,0.0,16.9
1,0.0,17.0
1,0.0,17.1
1,0.0,17.2
1,0.0,17.3
1,0.0,17.4
1,0.0,17.5
1,0.0,17.6
1,0.0,17.7
1,0.0,17.8
1,45.22,17.9
1,0.0,18.0
1,0.0,18.1
1,0.0,18.2
1,0.0,18.3
1,0.0,18.4
1,0.0,18.5
1,0.0,18.6
1,0.0,18.7
1,0.0,18.8
1,0.0,18.9
1,0.0,19.0
1,0.0,19.1
1,0.0,19.2
1,0.0,19.3
1,0.0,19.4
1,0.0,19.7
1,0.0,19.8
1,0.0,19.9
1,0.0,20.0
1,0.0,20.1
1,0.0,20.2
1,0.0,20.3
1,0.0,20.4
1,0.0,20.5
1,0.0,20.6
1,0.0,20.7
1,0.0,20.8
1,0.0,20.9
1,0.0,21.0
1,0.0,21.1
1,0.0,21.2
1,0.0,21.3
1,0.0,21.4
1,0.0,21.5
1,0.0,21.6
1,0.0,21.7
1,0.0,21.8
1,0.0,21.9
1,0.0,22.0
1,0.0,22.1
1,0.0,22.2
1,0.0,22.3
1,0.0,22.4
1,0.0,22.5
1,0.0,22.6
1,0.0,22.7
1,0.0,22.8
1,0.0,22.9
2,0.0,3.6
2,84.82,3.8
2,38.45,3.9
2,71.15,4.0
2,48.47,4.1
2,66.9,4.2
2,51.31,4.3
2,34.46,8.9
2,71.15,9.0
2,60.37,9.1
2,63.96,9.2
2,54.19,9.3
2,84.91,9.4
2,58.67,9.5
2,46.33,9.6
2,54.19,9.7
2,62.52,9.8
2,48.47,9.9
2,82.61,10.0
2,32.45,10.1
2,0.0,10.2
2,0.0,10.3
2,0.0,10.4
2,0.0,10.5
2,0.0,10.6
2,0.0,10.7
2,0.0,10.8
2,0.0,10.9
2,0.0,11.0
2,0.0,11.1
2,0.0,11.2
2,0.0,11.3
2,0.0,11.4
2,0.0,11.5
2,0.0,11.6
2,0.0,11.7
2,0.0,11.8
2,0.0,11.9
2,0.0,12.0
2,0.0,12.1
2,0.0,12.2
2,0.0,12.3
2,0.0,12.4
2,0.0,12.5
2,0.0,12.6
2,0.0,12.7
2,0.0,12.8
2,0.0,12.9
2,0.0,13.0
2,0.0,13.1
2,0.0,13.2
2,0.0,13.3
2,0.0,13.4
2,0.0,13.5
2,0.0,13.6
2,0.0,13.7
2,0.0,13.8
2,0.0,13.9
2,0.0,14.0
2,0.0,14.1
2,0.0,14.2
2,0.0,14.3
2,0.0,14.4
2,0.0,14.5
2,0.0,14.6
2,0.0,14.7
2,0.0,14.8
2,0.0,14.9
2,0.0,15.0
2,0.0,15.1
3,14.99,8.9
3,69.86,9.0
3,0.0,9.1
3,129.57,9.2
3,56.92,9.3
3,86.91,9.4
3,58.5,9.5
3,104.67,9.6
3,68.69,9.7
3,111.78,9.8
3,54.93,9.9
3,87.37,10.0
3,70.44,10.1
3,86.44,10.2
3,76.5,10.3
3,87.37,10.4
3,0.0,10.5
3,0.0,10.6
3,0.0,10.7
3,0.0,10.8
3,0.0,10.9
3,0.0,11.0
3,0.0,11.1
3,0.0,11.2
3,0.0,11.3
3,0.0,12.2
3,0.0,12.3
3,0.0,12.4
3,0.0,12.5
3,0.0,12.6
3,0.0,12.7
3,0.0,12.8
3,0.0,12.9
3,0.0,13.0
3,0.0,13.1
3,0.0,13.2
3,0.0,13.3
3,0.0,13.4
3,0.0,13.5
3,0.0,13.6
3,0.0,13.7
3,0.0,13.8
3,0.0,13.9
3,0.0,14.0
3,0.0,14.1
3,0.0,14.2
3,0.0,14.3
3,0.0,14.4
3,0.0,14.5
3,0.0,14.6
3,0.0,14.7
3,0.0,14.8
3,0.0,14.9
3,0.0,15.0
3,0.0,15.1
3,0.0,15.2
3,0.0,15.3
3,0.0,15.4
4,19.09,9.3
4,22.5,9.4
4,12.73,9.5
4,28.81,9.6
4,20.12,9.7
4,35.15,9.8
4,20.12,9.9
4,66.9,10.0
4,28.81,10.1
4,57.28,10.2
4,38.71,10.3
4,63.96,10.4
4,88.37,12.4
4,136.86,12.5
4,137.08,12.6
4,0.0,12.7
4,0.0,12.8
4,0.0,12.9
4,0.0,13.0
4,0.0,13.1
4,0.0,13.2
4,0.0,13.3
4,0.0,13.4
4,0.0,13.5
4,0.0,13.7
4,0.0,14.4
4,0.0,14.5
4,0.0,14.6
4,0.0,14.7
4,0.0,14.8
4,0.0,14.9
4,0.0,15.2
4,0.0,15.3
4,0.0,15.4
4,0.0,15.5
4,0.0,15.6
4,0.0,15.7
4,0.0,15.8
4,0.0,15.9
4,0.0,16.0
4,0.0,16.1
4,0.0,16.2
4,0.0,16.3
4,0.0,16.4
4,0.0,16.5
4,0.0,16.6
4,0.0,16.7
4,0.0,16.8
4,0.0,16.9
4,0.0,17.0
4,0.0,17.1
4,0.0,17.2
4,0.0,17.3
4,0.0,17.4
4,0.0,17.5
4,0.0,17.6
5,16.22,9.9
5,46.98,10.0
5,0.0,10.1
5,38.19,14.8
5,0.0,15.2
5,0.0,15.3
5,21.35,15.5
5,0.0,15.6
5,0.0,15.7
5,0.0,15.8
5,0.0,15.9
5,0.0,16.2
5,0.0,16.3
5,0.0,16.4
5,0.0,16.5
5,0.0,16.6
5,0.0,16.7
5,0.0,16.8
5,0.0,16.9
5,0.0,17.0
5,0.0,17.1
5,0.0,17.2
5,0.0,17.3
5,41.49,17.4
5,73.81,17.5
5,0.0,17.6
5,0.0,17.7
5,0.0,17.8
5,0.0,17.9
5,0.0,18.0
5,0.0,18.1
5,0.0,18.2
5,0.0,18.3
5,0.0,18.7
5,0.0,18.8
5,188.51,19.1
5,38.59,20.2
5,0.0,20.3
5,0.0,20.4
5,0.0,20.5
5,0.0,20.6
5,0.0,20.7
5,0.0,20.8
5,0.0,20.9
5,0.0,21.0
5,0.0,21.1
5,0.0,21.2
5,0.0,21.3
5,0.0,21.4
5,0.0,21.5
5,0.0,21.6
5,0.0,21.7
5,0.0,21.8
5,0.0,21.9
5,0.0,22.0
5,0.0,22.1
5,0.0,22.2
5,0.0,22.3
5,0.0,22.4
5,0.0,22.5
5,71.15,22.6
5,76.63,22.7
5,85.97,22.8
5,58.67,22.9
5,66.9,23.0
5,0.0,23.1
5,0.0,23.2
5,0.0,23.3
5,0.0,23.4
5,0.0,23.5
5,0.0,23.6
5,0.0,23.7
5,0.0,23.8
5,0.0,23.9
5,81.0,24.0
5,62.68,24.1
5,0.0,24.2
5,0.0,24.3
5,0.0,24.4
5,0.0,24.5
5,0.0,24.6
5,0.0,24.7
5,0.0,24.8
5,0.0,24.9
5,0.0,25.0
5,0.0,25.1
5,0.0,25.2
5,0.0,25.3
5,0.0,25.4
5,0.0,25.5
5,0.0,25.6
5,0.0,25.7
5,0.0,25.8
5,0.0,25.9
5,0.0,26.0
5,0.0,26.1
5,0.0,26.2
5,0.0,26.3
5,0.0,26.4
5,0.0,26.5
5,0.0,26.6
5,0.0,26.7
5,0.0,26.8
5,0.0,26.9
5,0.0,27.0
5,0.0,27.1
5,0.0,27.2
5,0.0,27.3
5,0.0,27.4
5,0.0,27.5
5,0.0,27.6
5,0.0,27.7
5,0.0,27.8
5,0.0,27.9
5,0.0,28.0
5,0.0,28.1
5,0.0,28.2
5,0.0,28.3
5,0.0,28.4
5,0.0,28.5
5,0.0,28.6
5,0.0,28.7
5,0.0,28.8
5,0.0,28.9
5,0.0,29.0
5,0.0,29.1
6,35.46,15.5
6,54.74,15.6
6,47.84,15.7
6,51.31,15.8
6,0.0,16.4
6,0.0,16.5
6,0.0,16.8
6,0.0,16.9
6,6.08,17.7
6,0.0,17.9
6,8.58,20.2
6,46.33,20.3
6,0.0,20.4
6,0.0,20.6
6,0.0,20.7
6,0.0,20.8
6,0.0,20.9
6,0.0,21.0
6,0.0,21.1
6,0.0,21.2
6,0.0,21.3
6,0.0,21.4
6,0.0,21.5
6,0.0,21.6
6,0.0,21.7
6,0.0,21.8
6,0.0,21.9
6,0.0,22.0
6,0.0,22.1
6,0.0,22.2
6,0.0,22.3
6,0.0,22.4
6,0.0,22.5
6,0.0,22.6
6,0.0,22.7
6,0.0,22.8
6,0.0,22.9
6,0.0,23.0
6,0.0,23.1
6,64.43,23.2
6,0.0,23.3
6,0.0,23.4
6,0.0,23.5
6,0.0,23.6
6,0.0,23.7
6,0.0,23.8
6,0.0,23.9
6,0.0,24.0
6,0.0,24.1
6,30.19,24.2
6,38.18,24.3
6,63.64,24.4
6,47.84,24.5
6,0.0,24.6
6,0.0,24.7
6,0.0,24.8
6,0.0,24.9
6,0.0,25.0
6,0.0,25.1
6,0.0,25.2
6,0.0,25.3
6,0.0,25.4
6,0.0,25.5
6,0.0,25.6
6,0.0,25.7
6,0.0,25.8
6,0.0,25.9
6,0.0,26.0
6,0.0,26.1
6,0.0,26.2
6,0.0,26.3
6,0.0,26.4
6,0.0,26.5
6,0.0,26.6
6,0.0,26.7
6,0.0,26.8
6,0.0,26.9
6,0.0,27.0
6,0.0,27.1
6,0.0,27.2
6,0.0,27.3
6,0.0,27.4
6,0.0,27.5
6,0.0,27.6
6,0.0,27.8
6,0.0,27.9
6,0.0,28.0
6,0.0,28.1
6,0.0,28.2
6,0.0,28.3
6,0.0,28.4
6,0.0,28.5
6,0.0,28.6
6,0.0,28.7
6,0.0,28.8
6,0.0,28.9
6,0.0,29.0
6,0.0,29.1
6,0.0,29.2
6,0.0,29.3
6,0.0,29.4
6,0.0,29.5
7,7.53,17.9
7,0.0,20.6
7,0.0,20.7
7,0.0,21.7
7,0.0,21.8
7,0.0,21.9
8,54.19,22.1
8,47.84,22.2
8,58.37,22.4
8,0.0,22.7
8,0.0,22.8
8,0.0,22.9
8,0.0,23.0
8,0.0,23.1
8,0.0,23.2
8,0.0,23.5
8,0.0,23.6
8,0.0,23.9
8,0.0,24.0
8,0.0,24.1
8,0.0,24.2
8,0.0,24.3
8,0.0,24.4
8,0.0,24.5
8,23.48,24.8
8,47.84,24.9
8,83.7,25.0
8,81.12,25.1
8,0.0,25.2
8,0.0,25.3
8,0.0,25.4
8,0.0,25.5
8,0.0,25.6
8,0.0,25.7
8,0.0,25.8
8,0.0,25.9
8,0.0,26.0
8,0.0,26.1
8,0.0,26.2
8,0.0,26.3
8,0.0,26.4
8,0.0,26.5
8,0.0,26.6
8,0.0,26.7
8,0.0,26.8
8,0.0,26.9
8,0.0,27.0
8,0.0,27.1
8,0.0,27.2
8,10.19,27.6
8,0.0,27.8
8,0.0,27.9
8,0.0,28.0
8,0.0,28.2
8,0.0,28.4
8,0.0,28.5
8,0.0,28.6
8,0.0,28.7
8,0.0,28.8
8,0.0,28.9
8,0.0,29.0
8,0.0,29.2
8,0.0,29.3
8,0.0,29.4
8,0.0,29.5
8,0.0,29.6
8,0.0,29.7
8,0.0,29.8
8,0.0,29.9
8,0.0,30.0
8,0.0,30.1
8,0.0,30.2
8,0.0,30.3
8,0.0,30.4
8,0.0,30.5
8,0.0,30.6
8,0.0,30.7
8,0.0,30.8
8,0.0,30.9
8,0.0,31.0
8,0.0,31.1
8,0.0,31.2
8,0.0,31.3
8,0.0,31.4
8,0.0,31.5
8,0.0,31.6
8,0.0,31.7
8,0.0,31.8
8,0.0,31.9
8,0.0,32.0
8,0.0,32.1
8,0.0,32.2
8,0.0,32.3
8,0.0,32.4
9,65.4,23.2
9,32.73,24.8
9,0.0,25.0
9,0.0,25.1
9,0.0,25.2
9,0.0,25.3
9,0.0,25.6
9,0.0,25.7
9,0.0,26.1
9,0.0,26.2
9,0.0,26.8
9,0.0,28.2
9,0.0,28.4
9,189.21,28.5
9,0.0,28.6
9,0.0,29.2
9,0.0,29.3
9,0.0,29.4
9,0.0,29.5
9,0.0,29.6
9,0.0,29.7
9,0.0,29.8
9,0.0,29.9
9,95.46,30.0
9,63.64,30.1
9,0.0,30.2
9,0.0,30.3
9,0.0,30.4
9,0.0,30.5
9,0.0,30.6
9,0.0,30.7
9,0.0,30.8
9,0.0,30.9
9,0.0,31.0
9,0.0,31.1
9,0.0,31.2
9,0.0,31.3
9,81.12,31.4
9,68.69,31.5
9,57.63,31.6
9,60.37,31.7
9,54.19,31.8
9,28.81,31.9
9,0.0,32.0
9,93.64,32.1
9,82.98,32.2
9,30.19,32.3
9,0.0,32.4
9,0.0,32.5
9,0.0,32.6
9,0.0,32.7
9,0.0,32.8
9,0.0,32.9
9,0.0,33.0
9,0.0,33.1
9,0.0,33.2
9,0.0,33.3
9,0.0,33.4
9,0.0,33.5
9,0.0,33.6
9,0.0,33.7
9,0.0,33.8
9,0.0,33.9
9,0.0,34.0
9,0.0,34.1
9,0.0,34.2
9,0.0,34.3
9,0.0,34.4
9,0.0,34.5
9,0.0,34.6
9,0.0,34.7
9,0.0,34.8
9,0.0,34.9
9,0.0,35.0
9,0.0,35.1
9,0.0,35.2
9,0.0,35.3
9,0.0,35.4
9,0.0,35.5
9,0.0,35.6
9,0.0,35.7
9,0.0,35.8
9,0.0,35.9
9,0.0,36.0
9,0.0,36.1
9,0.0,36.2
9,0.0,36.3
9,0.0,36.4
9,0.0,36.5
9,0.0,36.6
9,0.0,36.7
9,0.0,36.8
9,0.0,36.9
9,0.0,37.0
9,0.0,37.1
9,0.0,37.2
9,0.0,37.3
15,18.8,29.6
15,0.0,29.7
15,0.0,29.8
15,0.0,29.9
15,0.0,30.0
15,0.0,30.1
15,0.0,30.2
15,0.0,30.3
15,0.0,30.4
15,0.0,30.5
15,0.0,30.6
15,0.0,30.7
15,54.19,30.8
15,68.69,30.9
15,0.0,31.0
15,0.0,31.1
15,0.0,31.2
15,0.0,31.3
15,0.0,31.4
15,0.0,31.5
15,0.0,31.6
15,0.0,31.7
15,0.0,31.8
15,0.0,31.9
15,0.0,32.1
15,0.0,32.2
15,0.0,32.3
15,0.0,32.5
15,0.0,32.6
15,0.0,32.7
15,0.0,32.8
15,0.0,32.9
15,0.0,33.0
15,0.0,33.1
15,0.0,33.2
15,0.0,33.3
15,71.15,33.4
15,41.49,33.5
15,0.0,33.6
15,0.0,33.7
15,0.0,33.8
15,0.0,34.2
15,0.0,34.3
15,0.0,34.4
15,0.0,34.5
15,0.0,34.6
15,0.0,34.7
15,0.0,34.8
15,0.0,35.0
15,0.0,35.1
15,72.0,35.2
15,45.0,35.3
15,86.56,35.4
15,0.0,36.6
15,0.0,36.7
15,0.0,36.8
15,0.0,36.9
15,0.0,37.0
15,0.0,37.1
15,0.0,37.2
15,0.0,37.3
15,0.0,37.4
15,0.0,37.5
15,0.0,37.6
15,0.0,37.7
15,0.0,37.8
15,0.0,37.9
15,0.0,38.0
15,0.0,38.1
15,0.0,38.2
15,0.0,38.3
15,0.0,38.4
15,0.0,38.5
15,0.0,38.6
15,0.0,38.7
15,0.0,38.8
15,0.0,38.9
15,0.0,39.0
15,0.0,39.1
15,0.0,39.2
15,0.0,39.3
15,0.0,39.4
15,0.0,39.5
15,0.0,39.6
15,0.0,39.7
15,0.0,39.8
15,0.0,39.9
15,0.0,40.0
15,0.0,40.1
15,0.0,40.2
15,0.0,40.3
15,0.0,40.4
16,0.0,30.2
16,0.0,30.3
16,0.0,30.4
16,0.0,31.0
16,0.0,31.2
16,0.0,31.4
17,0.0,33.3
17,0.0,33.4
17,0.0,33.5
19,0.0,38.2
19,0.0,38.3
19,0.0,38.4
19,0.0,38.5
20,0.0,38.6
21,0.0,38.8
21,0.0,38.9
21,0.0,39.0
21,0.0,39.1
21,0.0,39.2
21,0.0,39.3
21,0.0,39.4
21,0.0,39.5
21,0.0,39.6
21,0.0,39.7
21,0.0,39.8
21,0.0,39.9
21,0.0,40.0
21,0.0,40.1
26,0.0,39.1
27,0.0,40.2
27,0.0,40.3
27,0.0,40.4
27,0.0,40.5
27,0.0,40.6
27,0.0,40.7
27,0.0,40.8
27,0.0,40.9
27,66.9,41.0
27,58.67,41.1
27,58.67,41.2
27,32.45,41.3
27,0.0,41.4
27,0.0,41.5
27,210.11,41.6
27,0.0,41.7
27,0.0,41.8
27,0.0,41.9
27,0.0,42.0
27,0.0,42.1
27,0.0,42.2
27,0.0,42.3
27,0.0,42.4
27,0.0,42.5
27,0.0,42.6
27,0.0,42.7
27,0.0,42.8
27,0.0,42.9
27,0.0,43.0
27,0.0,43.1
27,0.0,43.2
27,0.0,43.3
27,0.0,43.4
27,0.0,43.5
27,0.0,43.6
27,0.0,43.7
27,0.0,43.8
27,0.0,43.9
27,0.0,44.0
27,0.0,44.1
27,0.0,44.2
27,0.0,44.3
27,0.0,44.4
27,0.0,44.5
27,0.0,44.6
27,0.0,44.7
27,0.0,44.8
27,0.0,44.9
27,0.0,45.0
27,0.0,45.1
27,0.0,45.2
27,0.0,45.3
27,0.0,45.4
27,0.0,45.5
27,0.0,45.6
27,0.0,45.7
27,0.0,45.8
27,130.81,45.9
27,0.0,46.0
27,0.0,46.1
27,0.0,46.2
27,0.0,46.3
27,0.0,46.4
27,0.0,46.5
27,0.0,46.6
27,0.0,46.7
27,0.0,46.8
27,0.0,46.9
27,0.0,47.0
27,0.0,47.1
27,0.0,47.2
27,0.0,47.3
27,0.0,47.4
27,0.0,47.5
27,0.0,47.6
27,0.0,47.7
27,0.0,47.8
27,0.0,47.9
27,0.0,48.0
27,0.0,48.1
27,0.0,48.2
27,0.0,48.3
27,0.0,48.4
27,0.0,48.5
27,0.0,48.6
27,0.0,48.7
27,0.0,48.8
27,0.0,48.9
27,0.0,49.0
27,0.0,49.1
27,0.0,49.2
27,0.0,49.3
27,71.15,49.4
27,0.0,49.5
27,0.0,49.6
27,0.0,49.7
27,0.0,49.8
27,0.0,49.9
27,0.0,50.0
27,0.0,50.1
27,0.0,50.2
27,0.0,50.3
27,0.0,50.4
27,0.0,50.5
27,0.0,50.6
27,0.0,50.7
27,0.0,50.8
27,0.0,50.9
27,0.0,51.0
27,0.0,51.1
27,0.0,51.2
27,0.0,51.3
27,0.0,51.4
27,0.0,51.5
27,0.0,51.6
27,0.0,51.7
27,0.0,51.8
27,0.0,51.9
27,54.93,52.0
27,30.19,52.1
27,0.0,52.7
27,0.0,52.8
27,0.0,52.9
27,0.0,53.0
27,0.0,53.1
27,0.0,53.2
27,0.0,53.3
27,0.0,53.4
27,0.0,53.5
27,0.0,53.6
27,0.0,53.7
27,0.0,53.8
27,0.0,53.9
27,0.0,54.0
27,0.0,54.1
27,0.0,54.2
27,0.0,54.3
27,0.0,54.4
27,0.0,54.5
27,0.0,54.6
27,0.0,54.7
27,0.0,54.8
27,0.0,54.9
27,0.0,55.0
27,0.0,55.1
27,0.0,55.2
27,0.0,55.3
27,0.0,55.4
27,0.0,55.5
27,0.0,55.6
27,0.0,55.7
27,0.0,55.8
27,0.0,55.9
27,0.0,56.0
27,0.0,56.1
27,0.0,56.2
27,0.0,56.3
27,0.0,56.4
27,0.0,56.5
27,0.0,56.6
27,0.0,56.7
27,0.0,56.8
27,0.0,56.9
27,0.0,57.0
27,0.0,57.1
30,0.0,40.3
30,0.0,40.4
30,0.0,40.5
30,0.0,40.6
30,0.0,40.7
30,0.0,40.8
30,0.0,40.9
30,0.0,41.0
30,0.0,41.1
30,0.0,41.2
30,0.0,41.3
30,0.0,41.4
30,0.0,41.5
30,0.0,41.6
30,0.0,41.7
30,0.0,41.8
30,0.0,41.9
30,0.0,42.0
30,0.0,42.1
30,0.0,42.2
30,0.0,42.3
31,111.41,40.6
31,73.25,40.7
31,108.93,40.8
31,80.12,40.9
31,0.0,41.0
31,0.0,41.1
31,0.0,41.2
31,0.0,41.3
31,0.0,41.4
31,0.0,41.5
31,0.0,41.6
31,0.0,41.7
31,0.0,41.8
31,0.0,41.9
31,0.0,42.0
31,0.0,42.1
31,14.23,42.2
31,72.56,42.3
31,78.59,42.4
31,0.0,42.5
31,0.0,42.6
31,0.0,42.7
31,0.0,42.8
31,0.0,42.9
31,0.0,43.0
31,0.0,43.1
31,0.0,43.2
31,0.0,43.3
31,16.22,43.4
31,0.0,43.5
31,0.0,43.6
31,0.0,43.7
31,0.0,43.8
31,0.0,43.9
31,0.0,44.0
31,0.0,44.1
31,0.0,44.2
31,0.0,44.3
31,0.0,44.4
31,0.0,44.5
31,0.0,44.6
31,0.0,44.7
31,0.0,44.8
31,0.0,44.9
31,0.0,45.0
31,0.0,45.1
31,0.0,45.2
31,0.0,45.3
31,0.0,45.9
31,0.0,46.4
31,0.0,46.5
31,0.0,46.6
31,0.0,46.7
31,0.0,46.8
31,0.0,46.9
31,0.0,47.0
31,0.0,47.1
31,0.0,47.2
31,0.0,47.3
31,0.0,47.4
31,0.0,47.6
31,0.0,47.9
31,0.0,48.0
31,0.0,48.1
31,0.0,48.3
31,0.0,48.4
32,44.55,40.7
32,73.25,40.8
32,63.64,41.0
32,71.63,41.8
32,73.25,41.9
32,105.44,42.0
32,63.96,42.1
32,0.0,42.2
32,0.0,42.3
32,0.0,42.4
32,0.0,42.5
32,0.0,42.6
32,0.0,42.7
32,0.0,42.8
32,0.0,42.9
32,97.35,43.0
32,76.37,43.1
32,96.62,43.2
32,72.7,43.3
32,0.0,43.4
32,0.0,43.5
32,0.0,43.6
32,0.0,43.7
32,0.0,43.8
32,0.0,43.9
32,0.0,44.1
32,0.0,45.0
32,0.0,45.1
33,60.34,42.3
33,85.97,42.4
33,74.37,42.7
33,87.87,42.9
33,0.0,43.0
33,0.0,43.2
33,0.0,43.3
33,0.0,43.4
33,5.92,48.5
33,0.0,48.6
33,0.0,48.7
33,0.0,48.8
33,60.37,48.9
33,96.62,49.0
33,0.0,49.1
33,0.0,49.2
33,0.0,49.3
33,0.0,49.4
33,0.0,49.5
33,0.0,49.6
33,0.0,49.7
33,0.0,49.8
33,0.0,49.9
33,0.0,50.0
33,0.0,50.1
33,0.0,50.2
33,0.0,50.3
33,0.0,50.4
33,0.0,50.5
33,0.0,50.6
33,0.0,50.7
33,0.0,50.8
33,0.0,50.9
33,0.0,51.0
33,0.0,51.1
33,0.0,51.2
33,0.0,51.3
33,0.0,51.4
33,0.0,51.5
33,0.0,51.6
33,0.0,51.7
33,0.0,51.8
33,0.0,51.9
33,0.0,52.1
34,1.63,48.6
34,0.0,48.7
34,0.0,48.8
34,0.0,48.9
34,0.0,49.0
34,0.0,49.1
34,0.0,49.2
34,0.0,49.3
34,0.0,49.4
34,0.0,49.5
34,0.0,49.6
34,0.0,49.7
35,0.0,49.0
37,0.0,49.8
37,0.0,49.9
37,0.0,50.0
37,0.0,50.1
37,0.0,50.2
37,0.0,50.3
37,0.0,50.4
37,0.0,50.5
37,0.0,50.6
37,0.0,50.7
37,0.0,50.8
37,0.0,50.9
37,0.0,51.0
37,0.0,51.4
37,0.0,51.5
37,12.15,54.2
37,0.0,54.3
37,0.0,54.4
37,0.0,54.5
37,0.0,54.6
37,0.0,54.7
37,0.0,54.8
37,0.0,54.9
37,0.0,55.0
37,0.0,55.3
37,0.0,55.4
37,0.0,55.5
37,0.0,55.6
37,0.0,55.7
37,0.0,55.8
37,0.0,55.9
37,0.0,56.0
37,0.0,56.1
37,0.0,56.2
37,0.0,56.3
37,0.0,56.4
37,0.0,56.5
37,0.0,56.6
37,0.0,56.7
38,0.0,50.0
38,0.0,50.1
38,0.0,50.4
38,7.9,54.2
38,0.0,54.3
38,0.0,54.4
38,0.0,54.5
38,0.0,54.6
39,1.8,54.2
39,0.0,54.3
39,2.96,57.2
39,0.0,57.3
39,0.0,57.4
39,0.0,57.5
39,0.0,57.6
39,0.0,57.7
39,0.0,57.8
39,0.0,57.9
39,0.0,58.0
39,0.0,58.1
39,0.0,58.2
39,0.0,58.3
39,0.0,58.4
39,0.0,58.6
39,0.0,58.7
39,0.0,58.8
39,0.0,58.9
39,0.0,59.0
39,0.0,59.1
39,0.0,59.2
39,0.0,59.3
39,0.0,59.4
39,0.0,59.5
39,0.0,59.6
39,0.0,59.7
39,0.0,59.8
40,0.0,60.0
42,0.0,60.2
42,0.0,60.3
42,0.0,60.4
42,0.0,60.5
42,0.0,60.6
42,0.0,60.7
42,0.0,60.8
42,0.0,60.9
42,0.0,61.0
42,0.0,61.1
42,0.0,61.2
42,0.0,61.3
42,0.0,61.4
42,0.0,61.5
42,0.0,61.6
42,0.0,61.7
44,41.49,60.5
44,70.29,60.6
44,51.31,60.7
44,76.37,60.8
44,45.0,60.9
44,80.12,61.0
44,54.19,61.1
44,79.61,61.2
44,54.19,61.3
44,89.32,61.4
44,63.64,61.5
44,92.33,61.6
44,63.64,61.7
44,102.71,61.8
44,42.69,61.9
44,102.81,62.0
44,54.93,62.1
44,58.67,62.2
44,0.0,62.3
44,0.0,62.4
44,0.0,62.5
44,0.0,62.6
44,0.0,62.7
44,0.0,62.8
44,0.0,62.9
44,0.0,63.0
44,0.0,63.1
44,0.0,63.2
44,0.0,63.3
44,0.0,63.4
44,0.0,63.5
44,0.0,63.6
44,0.0,63.7
44,0.0,63.8
44,0.0,63.9
44,0.0,64.0
44,0.0,64.1
44,51.31,64.2
44,34.27,64.3
44,45.22,64.4
44,0.0,64.5
44,0.0,64.6
44,0.0,64.7
44,243.17,64.8
44,0.0,64.9
44,0.0,65.0
44,0.0,65.1
44,0.0,65.2
44,0.0,65.3
44,0.0,65.4
44,0.0,65.5
44,0.0,65.6
44,0.0,65.7
44,0.0,65.8
44,0.0,65.9
44,0.0,66.0
44,0.0,66.1
44,0.0,66.2
44,0.0,66.3
44,0.0,66.4
44,0.0,66.5
44,0.0,66.6
44,0.0,66.7
44,0.0,66.8
44,0.0,66.9
44,0.0,67.0
44,0.0,67.1
44,0.0,67.2
44,0.0,67.3
44,0.0,67.4
44,0.0,67.5
44,0.0,67.6
44,0.0,67.7
44,0.0,67.8
44,0.0,67.9
44,0.0,68.0
44,0.0,68.1
44,0.0,68.2
44,0.0,68.3
44,0.0,68.4
44,0.0,68.5
44,0.0,68.6
44,0.0,68.7
44,0.0,68.8
44,0.0,68.9
44,0.0,69.0
44,0.0,69.1
44,0.0,69.2
44,0.0,69.3
44,0.0,69.4
44,0.0,69.5
44,0.0,69.6
44,0.0,69.7
44,0.0,69.8
48,42.69,60.9
48,52.48,61.0
48,41.49,61.1
48,58.5,61.2
48,40.25,61.3
48,70.44,61.4
48,51.31,61.5
48,80.12,61.6
48,48.47,61.7
48,89.1,61.8
48,57.63,61.9
48,99.1,62.0
48,57.63,62.1
48,73.81,62.2
48,35.15,62.3
48,86.56,62.4
48,58.5,62.5
48,73.25,62.6
48,54.93,62.7
48,0.0,63.2
48,0.0,63.3
48,0.0,63.4
48,0.0,63.5
48,0.0,63.7
48,0.0,63.9
48,0.0,64.1
48,0.0,64.2
48,0.0,64.3
48,0.0,64.4
48,0.0,64.8
48,0.0,65.4
48,0.0,65.5
48,0.0,65.6
48,0.0,65.8
48,0.0,65.9
48,0.0,66.0
48,0.0,66.1
48,127.91,66.2
48,0.0,66.4
48,0.0,66.5
48,0.0,66.6
48,0.0,66.7
48,0.0,66.8
48,0.0,66.9
48,0.0,67.0
48,0.0,67.1
48,0.0,67.2
48,0.0,67.3
48,0.0,67.4
48,0.0,67.5
48,0.0,67.6
48,0.0,67.7
48,0.0,67.8
48,0.0,67.9
48,0.0,68.0
48,0.0,68.1
48,0.0,68.2
48,0.0,68.3
48,0.0,68.4
48,0.0,68.5
48,0.0,68.6
48,0.0,68.7
48,0.0,68.8
48,0.0,68.9
48,0.0,69.0
48,0.0,69.1
48,0.0,69.2
48,0.0,69.3
48,0.0,69.4
48,0.0,69.5
48,0.0,69.6
48,0.0,69.7
48,0.0,69.8
48,0.0,69.9
48,0.0,70.0
48,0.0,70.1
48,0.0,70.2
48,0.0,70.3
48,0.0,70.4
48,0.0,70.5
48,0.0,70.6
48,0.0,70.7
48,0.0,70.8
48,0.0,70.9
48,0.0,71.0
48,0.0,71.1
48,0.0,71.2
48,40.75,71.3
48,0.0,71.4
48,0.0,71.5
48,0.0,71.6
48,0.0,71.7
48,0.0,71.8
48,0.0,71.9
48,0.0,72.0
48,0.0,72.1
48,0.0,72.2
48,0.0,72.3
48,0.0,72.4
48,0.0,72.5
48,0.0,72.6
48,0.0,72.7
48,89.32,72.8
48,0.0,73.0
48,0.0,73.5
48,0.0,73.6
48,0.0,73.7
48,0.0,73.8
48,0.0,73.9
48,0.0,74.0
48,0.0,74.1
48,0.0,74.2
48,0.0,74.3
48,0.0,74.4
48,0.0,74.5
48,0.0,74.6
48,0.0,74.7
48,0.0,74.8
48,0.0,74.9
48,0.0,75.0
48,0.0,75.1
48,0.0,75.2
48,0.0,75.3
48,0.0,75.4
48,0.0,75.5
48,0.0,75.6
48,0.0,75.7
48,0.0,75.8
48,0.0,75.9
48,0.0,76.0
48,0.0,76.1
48,0.0,76.2
48,0.0,76.3
48,0.0,76.4
48,0.0,76.5
48,0.0,76.6
48,0.0,76.7
48,0.0,76.8
48,0.0,76.9
48,0.0,77.0
48,0.0,77.1
48,0.0,77.2
48,0.0,77.3
48,0.0,77.4
48,0.0,77.5
48,0.0,77.6
48,1033.79,77.7
48,66.44,77.8
48,40.75,77.9
48,71.15,78.0
48,45.22,78.1
48,82.61,78.2
48,60.54,78.3
48,88.75,78.4
48,60.54,78.5
48,66.9,78.6
48,42.45,78.7
48,71.15,78.8
48,58.5,78.9
48,92.66,79.0
48,56.38,79.1
48,98.69,79.2
48,0.0,79.3
48,0.0,79.4
48,1161.14,79.5
48,52.67,79.6
48,0.0,79.7
48,0.0,79.8
48,0.0,79.9
48,0.0,80.0
48,0.0,80.1
48,0.0,80.2
48,0.0,80.3
48,0.0,80.4
48,0.0,80.5
48,0.0,80.6
48,0.0,80.7
48,0.0,80.8
48,0.0,80.9
48,0.0,81.0
48,0.0,81.1
48,0.0,81.2
48,0.0,81.3
48,0.0,81.4
48,0.0,81.5
48,42.45,81.6
48,45.22,81.7
48,54.37,81.8
48,34.27,81.9
48,64.43,82.0
48,42.69,82.1
48,67.5,82.2
48,51.31,82.3
48,80.5,82.4
48,56.38,82.5
48,92.77,82.6
48,54.19,82.7
48,74.49,82.8
48,38.45,82.9
48,68.69,83.0
48,48.47,83.1
48,0.0,83.2
48,0.0,83.3
48,0.0,83.4
48,0.0,83.5
48,0.0,83.6
48,0.0,83.7
48,0.0,83.8
48,0.0,83.9
48,0.0,84.0
48,0.0,84.1
48,0.0,84.2
48,0.0,84.3
48,72.56,84.4
48,46.33,84.5
48,0.0,84.6
48,0.0,84.7
48,0.0,84.8
48,0.0,84.9
48,0.0,85.0
48,0.0,85.1
48,0.0,85.2
48,0.0,85.3
48,0.0,85.4
48,0.0,85.5
48,0.0,85.6
48,0.0,85.7
48,0.0,85.8
48,0.0,85.9
48,0.0,86.0
48,0.0,86.1
48,0.0,86.2
48,0.0,86.3
48,0.0,86.4
48,0.0,86.5
48,0.0,86.6
48,0.0,86.7
48,0.0,86.8
48,51.31,86.9
48,0.0,87.0
48,0.0,87.1
48,0.0,87.2
48,0.0,87.3
48,0.0,87.4
48,0.0,87.5
48,0.0,87.6
48,0.0,87.7
48,0.0,87.8
48,0.0,87.9
48,0.0,88.0
48,0.0,88.1
48,0.0,88.2
48,0.0,88.3
48,0.0,88.4
48,0.0,88.5
48,0.0,88.6
48,0.0,88.7
48,0.0,88.8
48,0.0,88.9
48,0.0,89.0
48,0.0,89.1
48,50.91,89.2
48,50.31,89.3
48,0.0,89.4
48,0.0,89.5
48,0.0,89.6
48,0.0,89.7
48,0.0,89.8
48,0.0,89.9
48,0.0,90.0
48,0.0,90.1
48,45.22,90.2
48,0.0,90.3
48,0.0,90.4
48,0.0,90.5
48,0.0,90.6
48,0.0,90.7
48,0.0,90.8
48,0.0,90.9
48,0.0,91.0
48,0.0,91.1
48,0.0,91.2
48,38.71,91.3
48,0.0,91.4
48,0.0,91.5
48,0.0,91.6
48,0.0,91.7
48,0.0,91.8
48,0.0,91.9
48,0.0,92.0
48,0.0,92.1
48,0.0,92.2
48,0.0,92.3
48,0.0,92.4
48,0.0,92.5
48,0.0,92.6
48,0.0,92.7
48,0.0,92.8
48,0.0,92.9
48,0.0,93.0
48,0.0,93.1
48,0.0,93.2
48,0.0,93.3
48,0.0,93.4
48,10.06,93.5
48,0.0,93.6
48,0.0,93.7
48,0.0,93.8
48,0.0,93.9
48,44.32,94.0
48,45.0,94.1
48,0.0,94.2
48,0.0,94.3
48,0.0,94.4
48,0.0,94.5
48,0.0,94.6
48,0.0,94.7
48,0.0,94.8
48,0.0,94.9
48,0.0,95.0
48,0.0,95.1
48,22.5,95.2
48,0.0,95.3
48,0.0,95.4
48,0.0,95.5
48,0.0,95.6
48,0.0,95.7
48,0.0,95.8
48,0.0,95.9
48,0.0,96.0
48,0.0,96.1
48,0.0,96.2
48,0.0,96.3
48,0.0,96.4
48,0.0,96.5
48,0.0,96.6
48,0.0,96.7
48,0.0,96.8
48,0.0,96.9
48,0.0,97.0
48,0.0,97.1
48,0.0,97.2
48,0.0,97.3
48,0.0,97.4
48,0.0,97.5
48,0.0,97.6
48,0.0,97.7
48,0.0,97.8
48,0.0,97.9
48,0.0,98.0
48,0.0,98.1
48,0.0,98.2
48,0.0,98.3
48,0.0,98.4
48,0.0,98.5
48,0.0,98.6
48,0.0,98.7
48,0.0,98.8
48,0.0,98.9
48,0.0,99.0
48,0.0,99.1
48,42.45,99.2
48,20.12,99.3
48,0.0,99.4
48,0.0,99.5
48,0.0,99.6
48,0.0,99.7
48,0.0,99.8
48,0.0,99.9
48,0.0,100.0
48,0.0,100.1
48,0.0,100.2
48,0.0,100.3
48,0.0,100.4
48,0.0,100.5
48,0.0,100.6
48,0.0,100.7
48,0.0,100.8
48,0.0,100.9
48,0.0,101.0
48,0.0,101.1
48,0.0,101.2
48,0.0,101.3
48,0.0,101.4
48,0.0,101.5
48,0.0,101.6
48,0.0,101.7
48,0.0,101.8
48,0.0,101.9
48,0.0,102.0
48,0.0,102.1
48,0.0,102.2
48,0.0,102.3
48,0.0,102.4
48,0.0,102.5
48,0.0,102.6
48,0.0,102.7
48,0.0,102.8
48,0.0,102.9
48,0.0,103.0
48,0.0,103.1
48,46.98,103.2
48,50.31,103.3
48,0.0,103.4
48,0.0,103.5
48,0.0,103.6
48,0.0,103.7
48,0.0,103.8
48,0.0,103.9
48,0.0,104.0
48,0.0,104.1
48,0.0,104.2
48,0.0,104.3
48,0.0,104.4
48,0.0,104.5
48,0.0,104.6
48,0.0,104.7
48,0.0,104.8
48,0.0,104.9
48,0.0,105.0
48,0.0,105.1
48,0.0,105.2
48,31.82,105.3
48,63.96,105.4
48,0.0,105.5
48,0.0,105.6
48,0.0,105.7
48,0.0,105.8
48,0.0,105.9
48,0.0,106.0
48,0.0,106.1
48,0.0,106.2
48,0.0,106.3
48,0.0,106.4
48,0.0,106.5
48,0.0,106.6
48,0.0,106.7
48,0.0,106.8
48,0.0,106.9
48,0.0,107.0
48,0.0,107.1
48,0.0,107.2
48,0.0,107.3
48,0.0,107.4
48,0.0,107.5
48,0.0,107.6
48,0.0,107.7
48,0.0,107.8
48,0.0,107.9
48,0.0,108.0
48,0.0,108.1
48,0.0,108.2
48,42.69,108.3
48,76.5,108.4
48,41.49,108.5
48,0.0,108.6
48,0.0,108.7
48,0.0,108.8
48,0.0,108.9
48,20.12,109.0
48,70.44,109.1
48,0.0,109.2
48,0.0,109.3
48,0.0,109.4
48,0.0,109.5
48,0.0,109.6
48,0.0,109.7
48,0.0,109.8
48,0.0,109.9
48,0.0,110.0
48,0.0,110.1
48,0.0,110.2
48,0.0,110.3
48,0.0,110.4
48,0.0,110.5
48,0.0,110.6
48,0.0,110.7
48,0.0,110.8
48,0.0,110.9
48,0.0,111.0
48,0.0,111.1
48,0.0,111.2
48,0.0,111.3
48,0.0,111.4
48,0.0,111.5
48,0.0,111.6
48,0.0,111.7
48,0.0,111.8
48,0.0,111.9
48,0.0,112.0
48,0.0,112.1
48,0.0,112.2
48,0.0,112.3
48,0.0,112.4
48,0.0,112.5
48,80.5,112.6
48,0.0,112.7
48,0.0,112.8
48,0.0,112.9
48,0.0,113.0
48,0.0,113.1
48,0.0,113.2
48,0.0,113.3
48,0.0,113.4
48,0.0,113.5
48,0.0,113.6
48,0.0,113.7
48,0.0,113.8
48,0.0,113.9
48,0.0,114.0
48,0.0,114.1
48,0.0,114.2
48,0.0,114.3
48,0.0,114.4
48,0.0,114.5
48,0.0,114.6
48,0.0,114.7
48,0.0,114.8
48,0.0,114.9
48,0.0,115.1
48,0.0,115.2
48,0.0,115.3
48,0.0,115.4
48,0.0,117.0
48,0.0,117.1
48,0.0,117.2
48,0.0,117.3
48,0.0,117.4
48,0.0,117.5
48,0.0,117.6
50,0.0,61.9
50,0.0,62.0
50,0.0,62.1
50,0.0,62.2
50,0.0,62.3
50,0.0,62.5
50,0.0,62.7
51,47.84,62.2
51,60.71,63.5
51,16.97,66.2
51,0.0,67.0
51,0.0,67.1
51,0.0,67.2
51,0.0,67.4
51,0.0,67.6
51,0.0,67.7
51,0.0,67.8
51,0.0,67.9
51,0.0,68.0
51,0.0,68.1
51,0.0,68.4
51,0.0,68.5
51,0.0,68.6
51,0.0,68.7
51,0.0,68.8
51,0.0,68.9
51,0.0,69.0
51,0.0,69.1
52,21.71,67.6
52,58.76,68.5
52,82.73,68.6
52,61.21,68.7
52,92.77,68.8
52,60.54,68.9
52,95.46,69.0
52,60.54,69.1
52,108.19,69.2
52,64.9,69.3
52,117.78,69.4
52,71.15,69.5
52,92.77,69.6
52,60.37,69.7
52,0.0,69.8
52,0.0,69.9
52,0.0,70.0
52,0.0,70.1
52,0.0,70.2
52,0.0,70.3
52,0.0,70.4
52,0.0,70.5
52,0.0,70.6
52,0.0,70.7
52,0.0,70.8
52,0.0,70.9
52,0.0,71.0
52,0.0,71.1
52,0.0,71.2
52,0.0,71.3
52,0.0,71.4
52,0.0,71.5
52,0.0,71.6
52,0.0,71.7
52,0.0,71.8
52,0.0,71.9
52,0.0,72.0
52,0.0,72.1
52,0.0,72.2
52,0.0,72.3
53,0.0,68.9
53,0.0,69.0
53,0.0,69.1
53,0.0,69.2
53,0.0,69.3
53,0.0,69.4
53,0.0,69.5
53,0.0,69.6
53,0.0,69.7
53,0.0,69.9
53,0.0,70.0
53,0.0,70.3
53,0.0,70.4
53,0.0,70.6
53,0.0,70.7
53,0.0,70.8
53,0.0,70.9
53,0.0,71.0
53,0.0,71.1
53,0.0,71.2
53,0.0,71.3
53,0.0,71.4
53,0.0,71.5
53,0.0,71.6
53,0.0,71.7
54,0.0,69.0
54,0.0,69.2
54,0.0,69.3
54,0.0,69.4
54,0.0,69.5
54,0.0,69.6
54,0.0,69.7
54,0.0,70.0
54,31.05,70.7
54,136.05,70.8
54,112.77,70.9
54,0.0,71.3
57,26.24,76.1
57,36.31,77.3
57,63.96,77.4
57,45.0,77.5
57,53.1,77.7
57,73.25,77.8
57,48.67,77.9
57,76.63,78.0
57,54.19,78.1
57,79.61,78.2
57,61.21,78.3
57,79.61,78.4
57,60.54,78.5
57,102.02,78.6
57,52.48,78.7
57,118.8,78.8
57,70.29,78.9
57,105.44,79.0
57,32.45,79.1
57,67.5,79.2
57,0.0,79.3
57,0.0,79.4
57,0.0,79.5
57,1346.82,79.6
57,41.49,79.7
57,52.67,79.8
57,42.69,79.9
57,56.92,80.0
57,52.67,80.1
57,62.68,80.2
57,46.98,80.3
57,86.44,80.4
57,70.44,80.5
57,76.63,80.6
57,62.52,80.7
57,90.0,80.8
57,47.84,80.9
57,62.52,81.0
57,70.44,81.1
57,73.25,81.2
57,48.47,81.3
57,61.21,81.4
57,64.43,81.5
57,0.0,81.6
57,0.0,81.7
57,0.0,81.8
57,0.0,81.9
57,0.0,82.0
57,0.0,82.1
57,0.0,82.2
57,0.0,82.3
57,89.66,82.4
57,0.0,82.5
57,0.0,82.6
57,0.0,82.7
57,0.0,82.8
57,0.0,82.9
57,0.0,83.0
57,0.0,83.1
57,0.0,83.2
57,0.0,83.3
57,64.9,83.4
57,51.31,83.5
57,0.0,83.6
57,0.0,83.7
57,0.0,83.8
57,0.0,83.9
57,0.0,84.0
57,0.0,84.1
57,0.0,84.2
57,0.0,84.3
57,0.0,84.4
57,0.0,84.5
57,0.0,84.6
57,0.0,84.7
57,0.0,84.8
57,0.0,84.9
57,0.0,85.0
57,0.0,85.1
57,0.0,85.2
57,0.0,85.3
57,0.0,85.4
57,0.0,85.5
57,0.0,85.6
57,0.0,85.7
57,0.0,85.8
57,0.0,85.9
57,0.0,86.0
57,0.0,86.1
57,0.0,86.2
57,0.0,86.3
57,0.0,86.4
57,0.0,86.5
57,0.0,86.6
57,0.0,86.7
57,0.0,86.8
57,0.0,86.9
57,0.0,87.0
57,58.5,87.1
57,0.0,87.2
57,151.27,87.3
57,0.0,87.4
57,0.0,87.5
57,0.0,87.6
57,0.0,87.7
57,0.0,87.8
57,0.0,87.9
57,0.0,88.0
57,0.0,88.1
57,0.0,88.2
57,0.0,88.3
57,0.0,88.4
57,0.0,88.5
57,0.0,88.6
57,0.0,88.7
57,0.0,88.8
57,0.0,88.9
57,0.0,89.0
57,0.0,89.1
57,0.0,89.2
57,0.0,89.3
57,0.0,89.4
57,0.0,89.5
57,73.25,89.6
57,0.0,89.7
57,0.0,89.8
57,0.0,89.9
57,0.0,90.0
57,0.0,90.1
57,0.0,90.2
57,0.0,90.3
57,50.31,90.4
57,56.38,90.5
57,0.0,90.6
57,0.0,90.7
57,0.0,90.8
57,0.0,90.9
57,0.0,91.0
57,0.0,91.1
57,0.0,91.2
57,0.0,91.3
57,0.0,91.4
57,0.0,91.5
57,0.0,91.6
57,0.0,91.7
57,0.0,91.8
57,0.0,91.9
57,0.0,92.0
57,0.0,92.1
57,0.0,92.4
57,0.0,92.5
57,0.0,92.6
57,0.0,92.7
57,0.0,92.8
57,0.0,92.9
57,0.0,93.0
57,0.0,93.1
57,0.0,93.2
57,0.0,93.4
57,0.0,93.5
57,0.0,93.6
57,0.0,93.8
57,0.0,93.9
57,0.0,94.0
57,0.0,94.1
57,0.0,94.2
57,0.0,94.3
57,0.0,94.4
57,0.0,94.5
57,0.0,94.6
57,0.0,94.7
57,0.0,94.8
57,0.0,94.9
57,0.0,95.0
57,0.0,95.1
57,0.0,95.2
57,0.0,95.3
57,58.67,95.4
57,0.0,95.5
57,0.0,95.6
57,0.0,95.7
57,0.0,95.8
57,0.0,95.9
57,0.0,96.1
57,0.0,96.2
57,0.0,96.4
57,0.0,96.5
57,0.0,96.6
57,36.28,96.7
57,0.0,96.8
57,0.0,96.9
57,0.0,97.0
57,0.0,97.1
57,0.0,97.2
57,0.0,97.3
57,0.0,97.4
57,0.0,97.5
57,0.0,97.6
57,0.0,97.7
57,0.0,97.8
57,0.0,97.9
57,0.0,98.0
57,0.0,98.1
57,0.0,98.2
57,0.0,98.3
57,0.0,98.4
57,0.0,98.5
57,0.0,98.6
57,0.0,98.7
57,0.0,98.8
57,0.0,98.9
57,0.0,99.0
57,0.0,99.1
57,0.0,99.2
57,0.0,99.3
57,0.0,99.4
57,38.71,99.5
57,80.5,99.6
57,0.0,99.7
57,0.0,99.8
57,0.0,99.9
57,0.0,100.0
57,0.0,100.1
57,0.0,100.2
57,0.0,100.3
57,0.0,100.4
57,0.0,100.5
57,0.0,100.6
57,0.0,100.7
57,0.0,100.8
57,0.0,100.9
57,0.0,101.0
57,0.0,101.1
57,0.0,101.2
57,0.0,101.3
57,0.0,101.4
57,0.0,101.5
57,0.0,101.6
57,0.0,101.7
57,0.0,101.8
57,0.0,101.9
57,0.0,102.0
57,0.0,102.1
57,0.0,102.2
57,0.0,102.3
57,0.0,102.4
57,0.0,102.5
57,0.0,102.6
57,0.0,102.7
57,0.0,102.8
57,0.0,102.9
57,0.0,103.0
57,0.0,103.1
57,0.0,103.2
57,0.0,103.3
57,0.0,103.4
57,0.0,103.5
57,0.0,103.6
57,86.44,103.7
57,0.0,103.8
57,0.0,103.9
57,0.0,104.0
57,0.0,104.1
57,0.0,104.2
57,0.0,104.3
57,0.0,104.4
57,0.0,104.5
57,0.0,104.6
57,0.0,104.7
57,0.0,104.8
57,0.0,104.9
57,0.0,105.0
57,0.0,105.1
57,0.0,105.2
57,0.0,105.3
57,0.0,105.4
57,0.0,105.5
57,0.0,105.6
57,0.0,105.7
57,0.0,105.8
57,0.0,105.9
57,0.0,106.0
57,0.0,106.1
57,0.0,106.2
57,0.0,106.3
57,0.0,106.4
57,0.0,106.5
57,0.0,106.6
57,0.0,106.7
57,0.0,106.8
57,0.0,106.9
57,0.0,107.0
57,0.0,107.1
57,0.0,107.2
57,0.0,107.3
57,0.0,107.4
57,0.0,107.5
57,0.0,107.6
57,0.0,107.7
57,0.0,107.8
57,0.0,107.9
57,0.0,108.0
57,0.0,108.1
57,0.0,108.2
57,0.0,108.3
57,0.0,108.4
57,0.0,108.5
57,0.0,108.6
57,0.0,108.7
58,0.0,78.9
58,0.0,79.0
58,0.0,79.1
58,0.0,79.2
58,81.19,79.5
58,0.0,79.6
58,0.0,79.8
58,0.0,81.2
58,0.0,81.3
58,0.0,81.4
58,0.0,81.5
58,0.0,81.6
58,0.0,81.7
58,0.0,81.8
58,0.0,81.9
58,0.0,82.0
58,0.0,82.1
58,0.0,82.2
58,0.0,82.3
58,0.0,82.4
58,0.0,82.5
58,0.0,82.6
58,0.0,82.7
58,101.05,82.9
58,0.0,83.0
58,0.0,83.1
58,146.58,83.2
58,38.45,83.3
58,65.52,83.4
58,42.45,83.5
58,68.54,83.6
58,46.98,83.7
58,86.91,83.8
58,40.25,83.9
58,28.81,84.0
58,42.45,84.1
58,80.5,84.2
58,28.81,84.3
58,0.0,84.4
58,0.0,84.5
58,0.0,84.6
58,0.0,84.7
58,0.0,84.8
58,0.0,84.9
58,0.0,85.0
58,0.0,85.1
58,0.0,85.2
58,0.0,85.3
58,0.0,85.4
58,0.0,85.5
58,0.0,85.6
58,0.0,85.7
58,0.0,85.8
58,0.0,85.9
58,0.0,86.0
58,0.0,86.1
58,0.0,86.2
58,0.0,86.3
58,0.0,86.4
58,0.0,86.5
58,50.31,86.6
58,0.0,86.9
58,0.0,87.0
58,0.0,87.1
58,0.0,87.3
58,0.0,88.1
58,0.0,88.2
58,0.0,88.3
58,0.0,88.4
58,0.0,88.5
58,0.0,88.6
58,14.15,88.9
58,64.9,89.0
58,6.49,89.5
58,0.0,89.6
58,0.0,89.7
58,0.0,89.8
58,45.22,89.9
58,57.63,90.0
58,46.33,90.1
58,0.0,90.2
58,0.0,90.3
58,0.0,90.4
58,0.0,90.5
58,0.0,90.6
58,0.0,90.7
58,0.0,90.9
58,0.0,91.0
58,0.0,91.1
58,45.22,91.2
58,0.0,91.3
58,0.0,91.4
58,0.0,91.5
58,0.0,91.6
58,0.0,91.8
58,0.0,91.9
58,0.0,92.4
58,0.0,92.5
58,0.0,92.7
58,0.0,92.9
58,0.0,93.0
58,4.77,93.4
58,0.0,94.0
58,0.0,94.1
58,0.0,94.2
58,0.0,94.3
58,0.0,94.4
58,0.0,94.5
58,0.0,94.6
58,0.0,94.7
58,0.0,94.8
58,0.0,94.9
58,0.0,95.0
58,22.5,95.1
58,0.0,95.2
58,0.0,95.3
58,0.0,95.4
58,0.0,95.6
58,0.0,96.1
58,16.47,96.7
58,0.0,97.2
58,0.0,97.5
58,0.0,97.6
58,0.0,97.7
58,0.0,97.8
58,31.82,97.9
58,0.0,98.0
58,0.0,98.1
58,0.0,98.2
58,0.0,98.3
58,0.0,98.4
58,0.0,98.5
58,0.0,98.6
58,0.0,98.7
58,0.0,98.8
58,0.0,98.9
58,0.0,99.0
58,0.0,99.1
58,0.0,99.2
58,0.0,99.3
58,0.0,99.4
58,0.0,99.5
58,0.0,99.6
58,0.0,99.7
58,0.0,99.8
58,0.0,99.9
58,0.0,100.0
58,0.0,100.1
58,0.0,100.2
58,0.0,100.3
58,0.0,100.4
58,0.0,100.5
58,0.0,100.6
58,0.0,100.7
58,0.0,100.8
58,0.0,100.9
58,0.0,101.0
58,0.0,101.1
58,0.0,101.2
58,0.0,101.3
58,0.0,101.4
58,0.0,101.5
58,0.0,101.6
58,0.0,101.7
58,0.0,101.8
58,0.0,101.9
58,0.0,102.0
58,0.0,102.1
58,0.0,102.2
58,0.0,102.3
58,0.0,102.4
58,0.0,102.5
58,0.0,102.6
58,0.0,102.7
58,0.0,102.8
58,0.0,102.9
62,64.9,81.6
62,63.96,81.7
62,78.72,81.8
62,47.84,81.9
62,77.49,82.3
62,98.8,82.4
62,41.22,82.9
62,45.56,83.1
62,61.21,83.2
62,38.18,83.3
62,0.0,83.4
62,0.0,83.5
62,0.0,83.6
62,0.0,83.7
62,0.0,83.8
62,0.0,83.9
62,0.0,84.0
62,0.0,84.1
62,0.0,84.2
62,0.0,84.3
62,0.0,84.4
62,0.0,84.5
62,0.0,84.6
62,0.0,84.7
62,0.0,84.8
62,0.0,84.9
62,0.0,85.0
62,0.0,85.1
62,0.0,85.2
62,0.0,85.3
62,0.0,85.4
62,0.0,85.5
62,0.0,85.6
62,0.0,85.7
62,0.0,85.8
62,0.0,85.9
62,0.0,86.0
62,0.0,86.1
62,0.0,86.9
62,0.0,87.0
63,70.29,83.2
63,51.31,83.3
63,0.0,83.4
63,0.0,83.5
63,0.0,84.2
63,0.0,84.3
63,0.0,84.4
63,0.0,84.5
63,57.63,84.6
63,0.0,84.9
63,0.0,85.2
63,0.0,86.1
63,1.11,88.4
63,6.84,89.6
63,4.81,90.4
63,0.0,90.7
63,5.75,91.4
63,54.19,91.5
63,0.0,92.5
63,0.0,92.9
63,0.0,93.0
63,4.87,94.0
63,25.65,94.2
63,0.0,94.4
63,0.0,94.5
63,0.0,94.6
63,0.0,94.7
63,0.0,94.9
63,0.0,95.0
63,0.0,95.1
63,0.0,95.2
63,38.45,95.3
63,0.0,95.4
63,0.0,95.6
63,0.0,97.2
63,0.0,97.6
63,0.0,97.7
63,0.0,97.8
63,0.0,97.9
63,0.0,98.0
63,0.0,98.1
63,0.0,98.3
63,0.0,98.4
63,0.0,98.5
63,0.0,98.6
63,0.0,98.7
63,0.0,98.8
63,0.0,98.9
63,0.0,99.0
63,0.0,99.1
63,0.0,99.2
63,0.0,99.3
63,10.06,99.4
63,0.0,99.5
63,0.0,99.6
63,0.0,99.7
63,0.0,99.8
63,0.0,99.9
63,0.0,100.0
63,0.0,100.1
63,0.0,100.2
63,0.0,100.3
63,0.0,100.4
63,0.0,100.5
63,0.0,100.6
63,0.0,100.7
63,0.0,100.8
63,0.0,100.9
63,0.0,101.0
63,0.0,101.1
63,0.0,101.2
63,0.0,101.3
63,0.0,101.4
63,0.0,101.5
63,0.0,101.6
63,0.0,101.7
63,0.0,101.8
63,0.0,101.9
63,0.0,102.0
63,0.0,102.1
63,0.0,102.2
63,0.0,102.3
63,0.0,102.4
63,0.0,102.5
63,0.0,102.6
63,0.0,102.7
63,0.0,102.8
63,0.0,102.9
63,0.0,103.0
63,0.0,103.1
63,0.0,103.2
63,0.0,103.3
63,32.76,103.4
63,38.18,103.5
63,0.0,103.6
63,0.0,103.7
63,0.0,103.8
63,0.0,103.9
63,0.0,104.0
63,0.0,104.1
63,0.0,104.2
63,0.0,104.3
63,0.0,104.4
63,0.0,104.5
63,0.0,104.6
63,0.0,104.7
63,0.0,104.9
63,0.0,105.0
63,0.0,105.1
63,0.0,105.2
63,0.0,105.3
63,0.0,105.4
63,22.5,105.5
63,67.5,105.6
63,0.0,105.7
63,0.0,105.9
63,0.0,106.0
63,0.0,106.1
63,0.0,106.2
63,0.0,106.4
63,0.0,106.5
63,0.0,106.6
63,0.0,106.8
63,0.0,106.9
63,0.0,107.0
63,0.0,107.1
63,0.0,107.2
63,0.0,107.3
63,0.0,107.4
63,0.0,107.5
63,0.0,107.6
63,0.0,107.7
63,0.0,107.8
63,0.0,107.9
63,0.0,108.0
63,0.0,108.1
63,0.0,108.2
63,0.0,108.3
63,0.0,108.4
63,0.0,108.5
63,0.0,108.6
63,0.0,108.7
63,0.0,108.8
63,0.0,108.9
63,0.0,109.0
63,0.0,109.1
63,0.0,109.2
63,0.0,109.3
63,0.0,109.4
63,0.0,109.5
63,0.0,109.6
63,0.0,109.7
63,0.0,109.8
63,0.0,109.9
63,0.0,110.0
63,0.0,110.1
63,0.0,110.2
63,0.0,110.3
63,0.0,110.4
63,0.0,110.5
63,0.0,110.6
64,47.84,83.3
64,12.02,94.0
66,1.46,97.7
66,0.0,97.9
66,0.0,99.1
66,0.0,99.3
66,0.0,99.4
66,0.0,99.5
66,0.0,99.6
66,0.0,99.7
66,0.0,99.8
66,0.0,99.9
66,0.0,100.0
66,0.0,100.1
66,0.0,100.2
66,0.0,100.3
66,0.0,100.4
66,0.0,100.5
67,3.13,99.4
67,0.0,99.5
67,0.0,99.6
67,0.0,99.7
67,0.0,99.8
67,0.0,99.9
67,0.0,100.0
67,0.0,100.4
67,0.0,100.6
67,0.0,100.7
67,0.0,101.3
67,0.0,101.4
67,0.0,101.5
67,0.0,101.6
67,0.0,101.7
67,0.0,101.8
67,0.0,101.9
67,0.0,102.0
67,0.0,102.1
67,0.0,102.2
67,0.0,102.3
67,0.0,102.4
67,0.0,102.5
67,0.0,102.6
67,0.0,102.7
67,0.0,102.8
67,0.0,102.9
67,45.89,103.0
67,38.71,103.1
67,0.0,103.2
67,0.0,103.3
67,0.0,103.4
67,0.0,103.5
67,0.0,103.6
67,0.0,103.7
67,0.0,103.8
67,0.0,103.9
67,0.0,104.0
67,0.0,104.1
67,0.0,104.2
67,0.0,104.3
67,0.0,104.4
67,0.0,104.5
67,0.0,104.6
67,0.0,104.7
67,0.0,105.0
67,13.12,105.2
67,0.0,105.5
67,0.0,106.2
67,0.0,106.4
67,0.0,106.6
67,0.0,107.0
67,0.0,107.1
67,0.0,107.2
67,0.0,107.3
67,0.0,107.4
67,0.0,107.5
67,0.0,107.6
67,0.0,107.7
67,0.0,107.8
67,0.0,107.9
67,0.0,108.0
67,0.0,108.1
67,0.0,108.2
67,0.0,108.3
67,0.0,108.4
67,0.0,108.5
67,45.62,108.8
67,41.49,108.9
67,0.0,109.0
67,0.0,109.1
67,0.0,109.2
67,0.0,110.0
67,0.0,110.1
67,0.0,110.2
67,0.0,110.4
67,0.0,110.5
67,0.0,110.6
67,0.0,110.7
67,0.0,110.8
67,0.0,110.9
67,0.0,111.0
67,0.0,111.1
67,0.0,111.2
67,0.0,111.3
67,0.0,111.4
67,0.0,111.5
67,0.0,111.6
67,0.0,111.7
67,0.0,111.8
67,0.0,111.9
67,0.0,112.0
67,0.0,112.1
67,0.0,112.2
67,0.0,112.3
67,60.37,112.4
67,45.0,112.5
67,0.0,112.6
67,0.0,112.7
67,0.0,112.8
67,0.0,112.9
67,0.0,113.0
67,0.0,113.1
67,0.0,113.2
67,0.0,113.3
67,0.0,113.4
67,0.0,113.5
67,0.0,113.6
67,0.0,113.7
67,50.31,113.8
67,64.9,113.9
67,0.0,114.0
67,0.0,114.1
67,0.0,114.2
67,0.0,114.3
67,0.0,114.4
67,0.0,114.5
67,0.0,114.6
67,0.0,114.7
67,0.0,114.8
67,2.29,117.2
67,0.0,117.4
67,0.0,117.5
67,0.0,117.6
67,0.0,117.7
67,0.0,117.8
67,0.0,117.9
67,0.0,118.0
67,0.0,118.1
67,0.0,118.2
67,0.0,118.3
67,0.0,118.4
67,0.0,118.5
67,0.0,118.6
67,82.73,118.7
67,80.12,118.8
67,66.44,118.9
67,97.35,119.0
67,0.0,119.1
67,0.0,119.2
67,0.0,119.3
67,0.0,119.4
67,0.0,119.5
67,0.0,119.6
67,0.0,119.7
67,0.0,119.8
67,0.0,119.9
67,0.0,121.4
67,0.0,121.6
67,0.0,121.7
67,0.0,121.8
67,0.0,121.9
67,0.0,122.0
67,0.0,122.1
67,0.0,122.2
67,0.0,122.3
67,0.0,122.4
67,0.0,122.5
67,0.0,122.6
67,0.0,122.7
67,0.0,122.8
67,0.0,122.9
67,0.0,123.0
67,0.0,123.1
67,0.0,123.2
67,0.0,123.3
67,0.0,123.4
67,0.0,123.5
67,0.0,123.6
67,0.0,123.7
67,0.0,123.8
67,0.0,123.9
67,0.0,124.0
70,0.0,99.9
70,0.0,100.0
70,0.0,100.4
70,27.0,100.6
70,0.0,101.4
70,0.0,101.5
70,0.0,101.6
70,0.0,101.7
70,0.0,101.8
70,0.0,102.7
70,0.0,102.8
70,0.0,103.0
70,0.0,103.1
70,0.0,103.2
70,0.0,103.3
70,0.0,103.4
70,0.0,103.5
70,0.0,103.6
70,0.0,103.7
72,2.45,103.0
72,0.0,103.1
72,0.0,103.2
72,0.0,103.3
72,0.0,103.4
72,0.0,103.5
72,0.68,107.7
72,0.0,107.8
72,0.0,108.0
72,0.0,108.1
72,0.0,108.2
72,0.0,108.3
72,0.0,108.4
72,41.49,108.5
72,0.0,110.6
72,0.0,110.7
72,0.0,110.8
72,0.0,110.9
72,0.0,111.0
72,0.0,111.1
72,0.0,111.2
72,0.0,111.3
72,0.0,111.4
72,0.0,111.5
72,0.0,111.6
72,0.0,111.7
72,0.0,111.8
72,0.0,111.9
72,0.0,112.0
72,19.09,112.1
72,0.0,112.2
72,0.0,112.3
72,0.0,112.4
72,0.0,112.5
72,0.0,112.6
72,0.0,112.7
72,0.0,112.8
72,0.0,112.9
72,0.0,113.0
72,0.0,113.1
72,0.0,113.2
72,0.0,113.3
72,0.0,113.4
72,65.52,113.5
72,0.0,113.6
72,0.0,113.7
72,0.0,113.8
72,0.0,113.9
72,0.0,117.7
72,0.0,117.8
72,0.0,117.9
72,0.0,118.0
72,0.0,118.2
72,0.0,118.3
79,0.0,110.7
79,0.0,110.8
79,0.0,110.9
79,0.0,111.0
79,0.0,111.1
79,0.0,111.2
79,0.0,111.3
79,0.0,112.0
79,0.0,112.1
79,51.31,112.2
79,73.25,112.3
79,0.0,112.4
79,0.0,112.5
79,0.0,112.6
79,5.56,113.7
79,0.2,118.7
79,0.0,118.8
79,0.0,118.9
79,0.0,119.0
94,30.19,121.9
94,45.0,122.0
94,38.45,122.1
94,44.32,122.2
94,40.25,122.3
94,70.29,122.4
94,45.0,122.5
94,70.0,122.6
94,50.91,122.7
94,70.0,122.8
94,48.67,122.9
94,79.61,123.0
94,51.31,123.1
94,76.63,123.2
94,66.9,123.3
94,82.98,123.4
94,70.29,123.5
94,83.7,123.6
94,90.81,123.8
94,70.29,123.9
94,111.41,124.0
94,79.61,124.1
94,113.57,124.2
94,76.5,124.3
94,102.81,124.4
94,66.9,124.5
94,0.0,124.6
94,0.0,124.7
94,0.0,124.8
94,0.0,124.9
94,0.0,125.0
94,0.0,125.1
94,0.0,125.2
94,0.0,125.3
94,0.0,125.4
94,0.0,125.5
94,0.0,125.6
94,0.0,125.7
94,0.0,125.8
94,0.0,125.9
94,60.04,126.0
94,0.0,126.1
94,0.0,126.2
94,0.0,126.3
94,0.0,126.4
94,0.0,126.5
94,414.9,126.6
94,0.0,126.7
94,0.0,126.8
94,0.0,126.9
94,0.0,127.0
94,0.0,127.1
94,0.0,127.2
94,0.0,127.3
94,0.0,127.4
94,0.0,127.5
94,0.0,127.6
94,0.0,127.7
94,0.0,127.8
94,0.0,127.9
94,0.0,128.0
94,0.0,128.1
94,0.0,128.2
94,0.0,128.3
94,0.0,128.4
94,0.0,128.5
94,0.0,128.6
94,0.0,128.7
94,0.0,128.8
94,0.0,128.9
94,0.0,129.0
94,0.0,129.1
94,0.0,129.2
94,0.0,129.3
94,0.0,129.4
94,0.0,129.5
94,0.0,129.6
94,0.0,129.7
94,0.0,129.8
94,0.0,129.9
94,0.0,130.0
94,0.0,130.1
94,0.0,130.2
94,0.0,130.3
94,0.0,130.4
94,0.0,130.5
94,0.0,130.6
94,0.0,130.7
94,0.0,130.8
94,0.0,130.9
94,0.0,131.0
94,0.0,131.1
94,0.0,131.2
94,0.0,131.3
94,0.0,131.4
94,0.0,131.5
94,0.0,131.6
98,0.0,123.8
98,0.0,123.9
98,0.0,124.0
98,0.0,124.1
98,0.0,124.2
98,0.0,124.3
98,0.0,124.4
98,0.0,124.5
98,0.0,124.6
98,0.0,124.7
98,0.0,124.8
98,0.0,124.9
98,0.0,125.0
98,0.0,125.1
98,0.0,125.2
98,0.0,125.3
98,0.0,125.4
98,0.0,125.5
98,0.0,125.6
98,0.0,125.7
98,0.0,125.8
98,0.0,125.9
98,0.0,126.0
98,0.0,126.1
98,0.0,126.2
98,0.0,126.3
98,0.0,126.4
98,0.0,126.5
98,0.0,126.6
98,0.0,126.7
98,0.0,126.8
98,0.0,126.9
98,0.0,127.0
98,0.0,127.1
98,0.0,127.2
98,0.0,127.3
98,0.0,127.7
98,0.0,127.9
98,0.0,128.1
98,0.0,128.2
98,0.0,128.3
98,0.0,128.4
98,0.0,128.5
98,0.0,128.6
99,0.0,124.1
99,0.0,124.2
99,0.0,124.3
99,0.0,124.4
99,0.0,124.5
99,0.0,124.8
99,0.0,124.9
100,68.69,125.1
100,86.56,125.2
100,54.93,125.3
100,0.0,125.5
100,0.0,125.6
100,0.0,125.7
100,0.0,125.8
100,0.0,125.9
100,0.0,126.0
100,0.0,126.1
100,70.44,126.2
100,54.19,126.3
100,179.32,126.4
100,0.0,126.5
100,0.0,126.6
100,0.0,126.7
100,0.0,126.8
100,0.0,126.9
100,0.0,127.0
100,0.0,128.6
100,0.0,128.7
100,0.0,128.8
100,0.0,128.9
100,0.0,129.0
100,0.0,129.1
100,0.0,129.2
100,0.0,129.3
100,0.0,129.4
100,0.0,129.5
100,0.0,129.6
100,0.0,129.7
100,0.0,129.8
100,0.0,129.9
100,0.0,130.0
100,0.0,130.1
100,0.0,130.2
100,0.0,130.3
100,0.0,130.4
100,0.0,130.5
100,0.0,130.6
100,0.0,130.7
100,0.0,130.9
100,0.0,131.0
100,0.0,131.1
100,0.0,131.2
100,0.0,131.3
100,0.0,131.4
101,112.5,125.6
101,80.12,125.7
101,121.08,125.8
101,92.77,125.9
101,0.0,126.0
101,0.0,126.1
101,0.0,126.2
101,0.0,126.3
101,0.0,126.4
101,0.0,126.5
101,0.0,126.6
101,0.0,126.7
101,5.78,128.7
101,0.0,128.8
101,0.0,129.7
101,0.0,129.8
101,0.0,131.5
101,0.0,131.6
101,0.0,131.7
101,0.0,131.8
101,0.0,131.9
101,0.0,132.0
101,0.0,132.1
101,0.0,132.2
101,0.0,132.3
102,67.5,126.0
102,15.14,126.4
102,0.0,126.6
102,4.9,131.6
102,0.0,131.7
102,0.0,131.8
102,0.0,131.9
102,0.0,132.0
102,0.0,132.1
102,0.0,132.2
102,0.0,132.3
102,0.0,132.4
102,0.0,132.5
102,0.0,132.6
102,0.0,132.7
102,0.0,132.8
102,0.0,132.9
102,0.0,133.0
102,0.0,133.1
102,0.0,133.2
102,0.0,133.3
102,0.0,133.4
102,0.0,133.5
102,0.0,133.6
102,0.0,133.7
102,0.0,133.8
102,0.0,133.9
102,0.0,134.0
102,0.0,134.1
102,0.0,134.2
102,0.0,134.3
102,0.0,134.4
102,0.0,134.5
102,0.0,134.6
102,0.0,134.7
102,0.0,134.8
103,0.0,131.9
103,0.0,132.0
104,0.0,132.2
104,0.0,132.3
104,0.0,132.4
104,0.0,132.5
104,0.0,132.6
104,0.0,132.7
104,0.0,132.8
104,0.0,132.9
104,0.0,133.0
104,0.0,133.1
104,0.0,133.2
104,0.0,133.3
104,0.0,133.4
104,0.0,133.5
104,0.0,133.6
104,0.0,133.7
104,0.0,133.8
105,0.0,132.5
105,0.0,132.6
105,0.0,132.7
105,0.0,132.8
105,0.0,132.9
105,0.0,133.0
105,0.0,133.1
105,0.0,133.2
105,0.0,133.5
105,0.0,133.6
105,0.0,133.7
105,0.0,133.8
105,0.0,133.9
105,0.0,134.0
105,0.0,134.1
105,0.0,134.2
105,0.0,134.3
105,0.0,134.4
105,0.0,134.5
105,0.0,134.6
106,35.15,132.5
106,60.54,132.6
106,19.09,132.7
106,58.67,132.8
106,38.71,132.9
106,64.43,133.0
106,54.37,133.1
106,0.0,133.9
106,0.0,134.0
106,0.0,134.1
106,0.0,134.2
106,0.0,134.3
106,0.0,134.4
106,0.0,134.7
106,0.0,134.8
106,0.0,134.9
106,0.0,135.0
106,0.0,135.1
106,0.0,135.2
106,0.0,135.3
106,0.0,135.4
106,0.0,135.5
106,0.0,135.6
106,0.0,135.7
106,0.0,135.8
106,0.0,135.9
106,0.0,136.0
106,0.0,136.1
106,92.77,136.2
106,0.0,136.3
106,0.0,136.4
106,0.0,136.5
106,0.0,136.6
106,0.0,136.7
106,0.0,136.8
106,0.0,136.9
106,0.0,137.0
106,0.0,137.1
106,0.0,137.2
106,0.0,137.3
106,0.0,137.4
106,0.0,137.5
106,0.0,137.6
106,0.0,137.7
106,0.0,137.8
106,0.0,137.9
106,0.0,138.0
106,0.0,138.1
106,0.0,138.2
106,0.0,138.3
106,0.0,138.4
106,0.0,138.5
106,0.0,138.6
106,0.0,138.7
106,0.0,138.8
106,0.0,138.9
106,0.0,139.0
106,0.0,139.1
106,0.0,139.2
106,0.0,139.3
106,0.0,139.4
106,0.0,139.5
106,0.0,139.6
106,0.0,139.7
107,0.0,134.9
107,0.0,135.0
107,0.0,135.1
107,0.0,135.2
107,0.0,135.3
107,0.0,135.4
107,0.0,135.5
107,0.0,135.6
107,0.0,135.7
107,0.0,135.8
107,0.0,135.9
107,0.0,136.0
107,0.0,136.1
107,362.38,136.2
107,54.37,136.3
107,72.14,136.4
107,54.74,136.5
107,90.0,136.6
107,70.29,136.7
107,116.13,136.8
107,63.96,136.9
107,81.12,137.0
107,60.37,137.1
107,73.25,137.2
107,64.43,137.3
107,97.35,137.4
107,0.0,137.5
107,0.0,137.6
107,0.0,137.7
107,0.0,137.8
107,0.0,137.9
107,0.0,138.0
107,0.0,138.1
107,0.0,138.2
107,98.69,138.3
107,0.0,138.4
107,0.0,138.5
107,0.0,138.6
107,0.0,138.7
107,0.0,138.8
107,0.0,138.9
107,0.0,139.1
108,0.0,135.4
108,0.0,135.5
108,0.0,135.6
108,0.0,135.7
108,0.0,135.9
108,0.0,136.0
108,0.0,136.1
108,99.1,136.2
108,0.0,136.3
108,162.56,136.4
108,0.0,136.5
108,166.01,136.6
108,93.64,136.7
108,112.77,136.8
108,102.62,136.9
108,0.0,137.0
108,0.0,137.1
108,0.0,137.2
108,0.0,137.3
108,0.0,137.4
108,0.0,137.5
108,0.0,137.6
108,0.0,137.7
108,0.0,137.8
108,0.0,137.9
108,0.0,138.0
108,0.0,138.1
108,0.0,138.3
109,74.22,135.9
109,76.53,136.1
109,104.67,136.2
109,98.69,136.3
109,48.67,136.4
109,0.0,136.5
109,0.0,136.6
109,0.0,136.7
109,0.0,136.8
109,0.0,136.9
109,0.0,137.0
109,0.0,137.1
109,0.0,137.2
109,0.0,137.3
109,0.0,137.4
109,0.0,137.5
109,0.0,137.6
109,0.0,137.7
109,0.0,137.8
109,0.0,137.9
109,0.0,138.0
110,0.0,136.3
110,0.0,136.4
110,0.0,136.5
110,0.0,136.8
110,0.0,136.9
110,0.0,137.0
110,0.0,137.1
110,0.0,137.2
110,0.0,137.3
110,0.0,137.4
111,0.0,136.3
111,0.0,136.5
111,0.0,136.9
111,0.0,137.1
111,0.0,137.2
